,Book Name,Author Name
0,How to Read a Book,Mortimer J. Adler 
1,This Is a Book,Demetri Martin 
2,HTML5 for Web Designers,Jeremy Keith 
3,Hey Ladies!,Michelle Markowitz 
4,A History of Russian Music,Francis Maes 
5,This is Not a Book,Keri Smith 
6,Venice,David Sanderson Chambers 
7,How to Cook Without a Book,Pam Anderson 
8,A Geography of Victorian Gothic Fiction,Robert Mighall 
9,A European Memory?,Małgorzata Pakier 
10,A Grammar of the Turkish Language,Thomas Vaughan 
11,A History of Modern Chinese Fiction,Chih-tsing Hsia 
12,A Concise History of Photography,Helmut Gernsheim 
13,Peace As a Women's Issue,Harriet Hyman Alonso 
14,Reports from a Wild Country,Deborah Bird Rose 
15,Company K,William March 
16,Bollywood,Tejaswini Ganti 
17,"A Journal of a Voyage to the South Seas, in His Majesty's Ship, the Endeavou",Sydney Parkinson 
18,New World A-Coming,Judith Weisenfeld 
19,A Handbook of Research Methods for Clinical and Health Psychology,Jeremy Miles 
20,A Holocaust Reader,Lucy S. Dawidowicz 
21,I Am Peace,Susan Verde 
22,Letters to a Young Doctor,Richard Selzer 
23,A Book of Luminous Things,Czesław Miłosz 
24,Gilgamesh,John R. Maier 
25,A Man's Place,John Tosh 
26,The Americans at D-Day,John C. McManus 
27,A Sourcebook on Naturalist Theatre,C. D. Innes 
28,A History of Africa: African nationalism and the de-colonisation process,Assa Okoth 
29,A Few Good Men,Jan Nattier 
30,I Am a Taxi,Deborah Ellis 
31,A History of Hungary,Peter F. Sugar 
32,What Is a Case?,Charles C. Ragin 
33,Qatar,Allen James Fromherz 
34,The Video Game Explosion,Mark J. P. Wolf 
35,A Cycle of Outrage,James Gilbert 
36,A Festival of Violence,Stewart Emory Tolnay 
37,We Are in a Book! (An Elephant and Piggie Book),no name 
38,A Comics Studies Reader,Jeet Heer 
39,A Discipline Divided,Gabriel A. Almond 
40,P-51 Mustang Pilot's Flight Manual,Periscope Film Com 
41,A Little Matter of Genocide,Ward Churchill 
42,A Companion to Greek Religion,Daniel Ogden 
43,The Berenstains' B Book,Stan Berenstain 
44,"My ""b"" Book",Jane Belk Moncure 
45,Plan B,Charnan Simon 
46,A = B,Marko Petkovsek 
47,Getting to Plan B,John Mullins 
48,Option B,Sheryl Sandberg 
49,Liszt: Sonata in B Minor,Kenneth Hamilton 
50,B for Berea,Tom Chase 
51,B for Business,William Cullen 
52,B is for Books! (Sesame Street),Annie Cobb 
53,From A to B,Bonang Matheba 
54,The Story of B,Daniel Quinn 
55,C Programming for Arduino,Julien Bayle 
56,A History of Travancore from the Earliest Times,P. Shungoonny Menon 
57,Junie B. Jones #26: Aloha-ha-ha!,Barbara Park 
58,Junie B. Jones #18: First Grader (at last!),Barbara Park 
59,The B-Book,J. R. Abrial 
60,Molecular Biology of B Cells,Tasuku Honjo 
61,General Relativity from A to B,Robert Geroch 
62,New Wave Mental Maths: Book B,no name 
63,B Cell Protocols,Hua Gu (PhD.) 
64,Numerical Algorithms with C,Giesela Engeln-Müllges 
65,Molecular Biology of the Hepatitis B Virus,Alan McLachlan 
66,J.K. Lasser's Winning With Your 403(b),Pam Horowitz 
67,"""B"" Is for Betsy",Carolyn Haywood 
68,Junie B. Jones #17: Junie B. Jones Is a Graduation Girl,Barbara Park 
69,Myth and the African Universe,B. Abanuka 
70,The B-2 Spirit,E. E. Basmadjian 
71,Bach: Mass in B Minor,John Butt 
72,B-17 Groups of the Eighth Air Force,Martin Bowman 
73,B Cell Biology in Autoimmunity,David Ahmad Nemazee 
74,The Hammond Organ,Mark Vail 
75,The B-1 Lancer,Amy Sterling Casil 
76,Hepatitis B Research Advances,Alicia P. Willis 
77,GCSE Geography for AQA Specification B,Janet Helm 
78,Illustrated C Programming (ANSI),J. Emmett Beam 
79,C++ For Dummies,Stephen R. Davis 
80,"Hepatitis B: The Virus, the Disease and the Vaccine",Irving Millman 
81,"The C Book, Featuring the ANSI C Standard",Mike Banahan 
82,Programming In C,D Ravichandran 
83,Computer Concepts and Programming in C,A.P.Godse 
84,Programming in C,Stephen G. Kochan 
85,COMPUTER PROGRAMMING IN C,V. RAJARAMAN 
86,Berenstains' C Book,Stan Berenstain 
87,A First Course in Programming with C,T. Jeyapoovan 
88,C Programming Language,Brian W. Kernighan 
89,Practical C Programming,Steve Oualline 
90,MECHANICS OF MATERIALS,M. A. JAYARAM 
91,"Programming in C, 2/e",no name 
92,Programming In C: A Practical Approach,Ajay Mittal 
93,Programming Embedded Systems in C and C++,Michael Barr 
94,Computer Concepts and C Programming,P.B. Kotur 
95,C Programming for Scientists and Engineers with Applications,Rama Reddy 
96,"My ""C"" Book",Jane Belk Moncure 
97,C Language And Numerical Methods,C. Xavier 
98,C Programming Concepts: With Prob & Sol,Chhabra 
99,C Programming: Test Your Skills,Kamthane Ashok 
100,Numerical Recipes in C,William H. Press 
101,C Magazine,no name 
102,C by Example,Noel Kalicharan 
103,Mastering C Programs,J.B. Dixit 
104,Engaged Learning for Programming in C++,Jim Roberge 
105,Pointers on C,Kenneth A. Reek 
106,Expert C Programming,Peter van der Linden 
107,COMPUTER BASICS AND C PROGRAMMING,V. RAJARAMAN 
108,C for BASIC Programmers,T. D. Brown 
109,C. elegans,Ian A. Hope 
110,Encyclopedia C,Robert A. Radcliffe 
111,Beginning C,Ivor Horton 
112,"D-Modules, Perverse Sheaves, and Representation Theory",Ryoshi Hotta 
113,Nineteen Sermons on several occasions ... To which is prefix'd the author's ,John ROGERS (Canon of Wells.) 
114,C Programming: The Essentials for Engineers and Scientists,David R. Brooks 
115,Schaum's Outline of Programming with C,Byron S Gottfried 
116,Notes on C Language 1st Edition,Udayakumar G Kulkarni 
117,Learn Objective-C for Java Developers,James Bucanek 
118,Power of Vitamin D,"Sarfraz Zaidi, MD "
119,Vitamin D,David Feldman 
120,"My ""d"" book",Jane Belk Moncure 
121,"A Sermon preach'd before the Queen, at Windsor, on July the 25th, 1708, etc",Joseph RAWSON (D.D.) 
122,D'annunzio: the First Duce,Michael Arthur Ledeen 
123,Côte D'Ivoire,no name 
124,Horizons Mathematics K,Saundra Lamgo 
125,t'Samen-spraeck tusschen Carel de II. Koninck van Engelant&c. ende den Herto,Charles II (King of England) 
126,The Vitamin D Solution,"Michael F. Holick Ph.D., M.D. "
127,Vitamin D For Dummies,Alan L. Rubin 
128,New Topics in Vitamin D Research,Veronica D. Stolzt 
129,Nasianzeni querela et votum justum. The fundamentals of the hierarchy examin,William JAMESON (Professor of History in the University of Glasgow.) 
130,Vitamin D and Cholesterol,David S. Grimes 
131,Harmonia Sacra ... Book ii. The 2d Edition very much Enlarg'd and Corrected;,Henry Playford 
132,V(D)J Recombination,Pierre Ferrier 
133,Convention Du Conseil De L'europe Sur La Prevention Des Cas D'apartidie En R,no name 
134,Hardy: Tess of the D'Urbervilles,Dale Kramer 
135,"Every Man in his Humour ... With alterations and additions, by D. Garrick, e",Ben Jonson 
136,D'Annunzio and the Great War,Alfredo Bonadeo 
137,"I''d Tell You I Love You, But Then I''d Have to Kill You",Ally Carter 
138,Canada,Gunilla Florby 
139,Dietary Reference Intakes for Calcium and Vitamin D,Institute of Medicine 
140,Vincent D'Indy and His World,Andrew Thomson 
141,Vitamin D Analogs in Cancer Prevention and Therapy,J. Reichrath 
142,Cote D'ivoire: Government Abuses in Response to Army Revolt,no name 
143,Vitamin D Handbook,G. W. A. Milne 
144,Changing the Wor(l)d,Stacey Young 
145,Bussy D'Ambois,George Chapman 
146,Vitamin D Revolution,"Soram Khalsa, M.D. "
147,D-Brane,Koji Hashimoto 
148,"A Collection of State Tracts, Publish'd on Occasion of the Late Revolution i",no name 
149,"Vitamin D, An Issue of Endocrinology and Metabolism Clinics of North America",Sol Epstein 
150,"Vitamin D, An Issue of Rheumatic Disease Clinics - E-Book",Sol Epstein 
151,"Scotch Presbyterian Eloquence Display'd, Or The Folly of Their Teaching Disc",Gilbert Crokatt 
152,St. Paul and St. James Reconcil'd,Offspring Blackall 
153,E,no name 
154,E-Commerce,Mamta Bushry 
155,Managing E-commerce in Business,J. Botha 
156,E-payment,Margaret Tan 
157,E.,United States. Bureau of Entomology and Plant Quarantine 
158,Designing Distributed Systems,Brendan Burns 
159,When the Sun Goes Dark,Andrew Fraknoi 
160,E-,United States. Entomology Research Division 
161,E. coli in Motion,Howard C. Berg 
162,E-commerce Law,Henricus Joseph Snijders 
163,Managing e-business Projects,Thomas Stoehr 
164,Managing E-learning,Badrul Huda Khan 
165,E-Commerce:Law and Jurisdiction:Comparative Law Yearbook of International Bu,Dennis Campbell 
166,e-learning in the Workplace,Christopher Seow 
167,O: A Presidential Novel,Anonymous 
168,Advanced principles of effective e-learning,Nicole A. Buzzetto-More 
169,Intelligent Techniques in E-Commerce,Zhaohao Sun 
170,Implementing E-commerce Strategies,Marc J. Epstein 
171,E-Voting and Identity,Peter Y. A. Ryan 
172,E-procurement,Dale Neef 
173,New Topics in Vitamin E Research,Oliver H. Bellock 
174,"Te Tere o Pererina, oia hoi o Keresitiano i papai hia e te hoe taata maitai ",John Bunyan 
175,How to Plan and Manage an E-learning Programme,Roger Lewis 
176,Project E-Society: Building Bricks,Reima Suomi 
177,The SAGE Handbook of E-learning Research,Richard Andrews 
178,Individual Preferences in E-learning,Howard Hills 
179,E-Government: Towards Electronic Democracy,Michael Böhlen 
180,Risk-based E-business Testing,Paul Gerrard 
181,E-Government,Hans J. Scholl 
182,E-Learning,Bryn Holmes 
183,Business Process Improvement Through E-Collaboration: Knowledge Sharing Thro,"Kock, Ned "
184,E-Supply Chain Technologies and Management,"Zhang, Qingyu "
185,Design Verification with E,Samir Palnitkar 
186,Towards the E-Society,Beat Schmid 
187,Mercanti e politica nel mondo antico,Carlo Zaccagnini 
188,F-4 Phantom II Society,no name 
189,Securing E-Business Systems,Timothy Braithwaite 
190,Le historie e fatti de'Veronesi nelli tempi del popolo e signori Scaligeri,Torello Sarayna 
191,Sonetti e Canzoni,Francesco Petrarca 
192,Loci Communes Sacr[a]e Theologiae,Wolfgang Musculus 
193,F,Daniel Kehlmann 
194,What the F,Benjamin K. Bergen 
195,F in Exams,Richard Benson 
196,Go the F**k to Sleep,Adam Mansbach 
197,Literature of Travel and Exploration: A to F,Jennifer Speake 
198,F is for...,L Dubois 
199,F. Scott Fitzgerald,Jackson R. Bryer 
200,F-5 Tigers Over Vietnam,Anthony J. Tambini 
201,Ford F-100/F-150 Pickup 1953-1996,Robert C. Ackerson 
202,"Classic Ford F-Series Pickup Trucks, 1948-1956",Don Bunn 
203,The Saturn V F-1 Engine,Anthony Young 
204,Student Companion to F. Scott Fitzgerald,Linda Claycomb Pelzer 
205,United States Marine Corps F-35B West Coast Basing,no name 
206,The F-Word,Jesse Sheidlower 
207,Republic F-84 Thunderjet Pilot's Flight Operating Manual,United States Air Force 
208,The Cambridge Companion to F. Scott Fitzgerald,Ruth Prigozy 
209,Conversations with F. Scott Fitzgerald,Francis Scott Fitzgerald 
210,"BPA Proposed FY 1974 Program D,F; Facility Evaluation Supplement",no name 
211,"Walter F. George Lake, Lock and Dam O&M (AL,GA)",no name 
212,Regulators of G Protein Signaling,no name 
213,"Future Development and Operations, Fort George G. Meade",no name 
214,"Handbook of Detergents, Part F",Uri Zoller 
215,F-100 Super Sabre at War,Thomas E. Gardner 
216,Advanced Tactical Fighter to F-22 Raptor,David C. Aronstein 
217,The Anglo-Saxon Chronicle,Peter S. Baker 
218,F. Scott Fitzgerald on Authorship,Francis Scott Fitzgerald 
219,The F-14 Tomcat,Alicia Gardner 
220,Vought F-8u Crusader Pilot's Flight Operating Manual,United States Navy 
221,Critical Companion to F. Scott Fitzgerald,Mary Jo Tate 
222,Chemistry of the f-Block Elements,Helen C. Aspinall 
223,"Adult Entertainment Producer, Paul F Little, Sentenced To 46 Months In Priso",Backgroundnow.com Staff 
224,"Company F History, 319th Infantry",Charles Ryman Herr 
225,"Bulletin ""F,"" Tables of Useful Lives of Depreciable Property",United States. Internal Revenue Service 
226,Act to Amend the John F. Kennedy Center Act to Authorize the Design and Cons,United States 
227,"Great Alamance Creek Water Supply Project, Burlington F; Water Supply Study",no name 
228,Farmall Regular and F-Series,"Oscar H. Will, III, Todd Markle "
229,F-86 Sabre Pilot's Flight Operating Manual,United States Air Force 
230,F-15 Eagle at War,Tyson Rininger 
231,G Protein Signaling,Alan V. Smrcka 
232,Peptidergic G Protein-coupled Receptors,Pierangelo Geppetti 
233,F Perfluorohalogenoorgano Compounds of Main Group Elements,Alois Haas 
234,Hand-book for travellers in northern Italy [by sir F. Palgrave].,sir Francis Palgrave 
235,G,Detlef Mertins 
236,Feel the G's,Suzanne Slade 
237,G Protein Pathways,Ravi Iyengar 
238,"City Finances, 1947. Series G-CF47-.",United States. Bureau of the Census 
239,G is for Googol,David M. Schwartz 
240,Carter G. Woodson: A Life in Black History,no name 
241,G Protein-Coupled Receptors,Gabriel Berstein 
242,Structured Stochastic Matrices of M/G/1 Type and Their Applications,Neuts 
243,The G Protein-Coupled Receptors Handbook,Lakshmi A. Devi 
244,Integrated G Proteins Signaling in Plants,Shaul Yalovsky 
245,Turn Up the Heat with G. Garvin,Gerry Garvin 
246,"G. Harry Agnew, a pioneer missionary",Wilson Thomas Hogue 
247,2.5G Mobile Networks,Kasera 
248,Piece in G Minor,Gabriel Pierné 
249,An Introduction to G-Convergence,Gianni Dal Maso 
250,"Fort George G. Meade, Addressing Campus Development",no name 
251,Literature of Travel and Exploration: G to P,Jennifer Speake 
252,G-20 and International Economic Cooperation,Rebecca M. Nelson 
253,Charles G. Finney and the Spirit of American Evangelicalism,Charles E. Hambrick-Stowe 
254,"Fort George G. Meade, Utilities Upgrade Project",no name 
255,M/E/A/N/I/N/G,Susan Bee 
256,"G Protein Pathways, Part B: G Proteins and Their Regulators",no name 
257,Identification and Expression of G Protein-Coupled Receptors,Kevin R. Lynch 
258,G Proteins,Patrick C. Roche 
259,Molecular Aspects of G Protein-coupled Receptors,Francisco Ciruela 
260,"I Got a ""D"" in Salami",Henry Winkler 
261,I See Satan Fall Like Lightning,René Girard 
262,Pulling G,Erik Seedhouse 
263,The Journal of Samuel G. Horton,Dean W. Brown 
264,"The Early Black History Movement, Carter G. Woodson, and Lorenzo Johnston Gr",Pero Gaglo Dagbovie 
265,G Protein-coupled Receptors,Georges Vauquelin 
266,The Boys of Adams’ Battery G,Robert Grandchamp 
267,John W. Schaum Piano Course: G -- The Amber Book,John W. Schaum 
268,Twenty Years of G-CSF,Graham Molineux 
269,G Proteins and Calcium Signaling,Paul H. Naccache 
270,The Sexual Politics of Meat,Carol J. Adams 
271,The G-20 Summit at Five,Kemal Dervis 
272,Gerhard G. Mueller,Dale L. Flesher 
273,Heterotrimeric G-protein Effectors,Ravi Iyengar 
274,"My ""h"" Book",Jane Belk Moncure 
275,H Is for Hawk,Helen Macdonald 
276,All about H. Hatterr,G. V. Desani 
277,The VC-1 and H.264 Video Compression Standards for Broadband Video Services,Jae-Beom Lee 
278,Handover in DVB-H,Xiaodong Yang 
279,Interpretation and the Problem of the Intention of the Author,Burhanettin Tatar 
280,"Watching M*A*S*H, Watching America",James H. Wittebols 
281,Tax-exempt status of 4-H organizations authorized to use the 4-H name and em,United States. Science and Education Administration 
282,Chain-Scattering Approach to H∞-Control,Hidenori Kimura 
283,Design Guide for Piles Using Locally Produced Steel H-Section,no name 
284,Discrete H∞ Optimization,Charles K. Chui 
285,Triple H Making the Game,Triple H 
286,Hittite Etymological Dictionary: Words beginning with H,Jaan Puhvel 
287,Peptide Solvation and H-bonds,no name 
288,IP Multicast with Applications to IPTV and Mobile DVB-H,Daniel Minoli 
289,The H-Function,A.M. Mathai 
290,Understanding William H. Gass,H. L. Hix 
291,11th Bomb Group (H),no name 
292,Commercial Satellite Launch Vehicle Attitude Control Systems Design and Anal,Chong Hun Kim 
293,H. Beam Piper,John F. Carr 
294,The Wisdom of Milton H. Erickson,Milton H. Erickson 
295,H-Transforms,Anatoly A. Kilbas 
296,Silent H as in Ghost,Carey Molter 
297,Jay Haley on Milton H. Erickson,Jay Haley 
298,"379th Bombardment Group (H) Anthology, Volume 1",no name 
299,H,Jim Elledge 
300,450th Bomb Group (H),Turner Publishing 
301,Aids for Observance of National 4-H Club Events,Gertrude L. Warren 
302,J/Boats,Anthony Dalton 
303,"Flannery O'Connor, Walker Percy, and the Aesthetic of Revelation",John Sykes 
304,Chemistry and Application of H-Phosphonates,Kolio D. Troev 
305,Encyclopedia of Public Health. 2 Vol.,Wilhelm Kirch 
306,This is 4-H,no name 
307,Recruiting 4-H Club Leaders,no name 
308,The 4-H Harvest,Gabriel Rosenberg 
309,4-H Stories from the Heart,Dan Tabler 
310,H-infinity Control and Estimation of State-multiplicative Linear Systems,Eli Gershon 
311,"A Memoir of the Rev. John H. Rice, D.D., First Professor of Christian Theolo",William Maxwell 
312,(H)afrocentric,"Juliana ""Jewels"" Smith "
313,Triple H,Bridget Heos 
314,T S Eliot: 'The Love Song of J. Alfred Prufrock' and 'The Waste Land',C J Ackerley 
315,Particle and Nuclear Physics at J-PARC,Takahiro Sato 
316,Dictionarium ... opera ... J. Lopez Serrani auctum&locupletatum,no name 
317,I & P,no name 
318,"Selected Essays by Frank H. Knight, Volume 2",Frank H. Knight 
319,Here I Am,Jonathan Safran Foer 
320,He and I,Gabrielle Bossis 
321,What I Know For Sure,Oprah Winfrey 
322,Check it While I Wreck it,Gwendolyn D. Pough 
323,Edward I,Michael Prestwich 
324,If I Was Your Girl,Meredith Russo 
325,"Nicholas I and Official Nationality in Russia, 1825-1855",Nicholas Valentine Riasanovsky 
326,Elizabeth I,Elizabeth I 
327,"I, Candidate for Governor",Upton Sinclair 
328,King Charles I,Pauline Gregg 
329,What Can I Give?,Srijan Pal Singh 
330,I Make My Own Rules,L. L. Cool J 
331,What Little I Remember,Otto Robert Frisch 
332,I Am Because We are,Fred L. Hord 
333,Richard I,John Gillingham 
334,I Am J,Cris Beam 
335,I Write What I Like,Steve Biko 
336,‘Am I That Name?’,Denise Riley 
337,I Wish Someone Were Waiting for Me Somewhere,Anna Gavalda 
338,I've Got the Light of Freedom,Charles M. Payne 
339,Why Should I Listen?,Claire Llewellyn 
340,Martin Buber's I and Thou,Kenneth Kramer 
341,King James VI and I: Political Writings,James I (King of England) 
342,Topological and Bivariant K-Theory,Joachim Cuntz 
343,Here I Stand,Roland Herbert Bainton 
344,I May Not Get There with You,Michael Eric Dyson 
345,I Am He,Catrin H. Williams 
346,I Never Saw Another Butterfly,Hana Volavková 
347,The Girl I Used to Be,April Henry 
348,Doing the Best I Can,Kathryn Edin 
349,All I Want Level 5,Margaret Johnson 
350,Safety-I and Safety–II,Professor Erik Hollnagel 
351,I Hope They Serve Beer in Hell,Tucker Max 
352,I'm Feeling Lucky,Douglas Edwards 
353,Henry I,Charles Warren Hollister 
354,Francis I,R. J. Knecht 
355,Where I Was From,Joan Didion 
356,J,Howard Jacobson 
357,"My ""j"" Book",Jane Belk Moncure 
358,Book of J,Harold Bloom 
359,Jemima J,Jane Green 
360,Comrade J,Pete Earley 
361,"""J"" is for Judgment",Sue Grafton 
362,M.,John Sack 
363,"State Street Corridor, 23 Rd. Street to Broadway Avenue, Project M-1045(001)",no name 
364,Generation J,Lisa Schiffman 
365,The J & P Transformer Book,A. C. Franklin 
366,The J Curve,Ian Bremmer 
367,Blue Mind,Wallace J. Nichols 
368,Follow the Model,J. Alexander 
369,"Fractals, Visualization and J",Clifford Reiter 
370,Nature's Building Blocks,John Emsley 
371,The J. Hillis Miller Reader,Joseph Hillis Miller 
372,Formae ad explicandos M. Vitruvii Pollionis decem libros de architectura,August Rode 
373,P Is for Poetry,Julie Fox 
374,"J, E, and the Redaction of the Pentateuch",Joel S. Baden 
375,Saints for All Occasions,J. Courtney Sullivan 
376,James J. Hill,Michael P. Malone 
377,JPod,Douglas Coupland 
378,J. Golden Kimball,J. Golden Kimball 
379,Kitchens of the Great Midwest,J. Ryan Stradal 
380,Student’s Guide to Calculus by J. Marsden and A. Weinstein,Frederick H. Soon 
381,"Meditationsand contemplations, by J. Hervey, transposed into blank verse",George Cocking 
382,J & P Transformer Book,Martin Heathcote 
383,Dark Tourism,J. John Lennon 
384,J. Cole,Emma Gellibrand 
385,Deep Learning,Ian Goodfellow 
386,"The Life of William J. Brown of Providence, R.I.",William J. Brown 
387,J. Edgar Hoover,Curt Gentry 
388,"The works of ... John Bramhall [ed. by J. Vesey]. 5 vols., (libr. of Anglo-C",A W H 
389,"Catalogus Universalis, hoc est, omnium librorum ... qui in diversis officini",Johann FRITZSCH 
390,"Astronomical Observations. By J. Pond, Published by the President and Counci",no name 
391,The $K$-book,Charles A. Weibel 
392,"My ""k"" book",Jane Belk Moncure 
393,Principles of Management,K. Anbuvelan 
394,Hotel Kerobokan,Kathryn Bonella 
395,K,Mary Roberts Rinehart 
396,F**k It,John C. Parkin 
397,Princess K'Gari's Fraser Island,Fred Williams 
398,Physics and Technology of High-k Gate Dielectrics 6,Samares Kar 
399,Algebraic K-Theory and Its Applications,Jonathan Rosenberg 
400,Ursula K. Le Guin,Susan M. Bernardo 
401,Physics and Technology of High-k Gate Dielectrics II,Samares Kar 
402,E-Marketing,K & A Press 
403,James K. Polk,Thomas M. Leonard 
404,Philip K. Dick,Samuel J. Umland 
405,Vitamin K in Health and Disease,John W. Suttie 
406,Physics and Technology of High-k Gate Dielectrics 4,Samares Kar 
407,"A full Report of the Trial of ... Sir R. T. W., M. Bruce, Esq., and Capt. J.",no name 
408,Algebraic K-Theory: Connections with Geometry and Topology,John Jardine 
409,Essentials of Medical Physiology,K Sembulingam 
410,An Introduction to K-Theory for C*-Algebras,M. Rørdam 
411,Conversations with Ursula K. Le Guin,Carl Howard Freedman 
412,"Copper Interconnects, New Contact Metallurgies/structures, and Low-k Interle",G. S. Mathad 
413,Analytic K-Homology,Nigel Higson 
414,Physics and Technology of High-k Gate Dielectrics 5,Samares Kar 
415,Challenges and Opportunities of Connected K-Covered Wireless Sensor Networks,Habib M. Ammari 
416,Defects in HIgh-k Gate Dielectric Stacks,Evgeni Gusev 
417,Stop the 401(k) Rip-off!,David B. Loeper 
418,K-Theory for Operator Algebras,Bruce Blackadar 
419,Handbook of K-Theory,Eric Friedlander 
420,Algebraic K-Groups As Galois Modules,Victor P. Snaith 
421,Topics in Algebraic and Topological K-Theory,Paul Frank Baum 
422,Complex Topological K-Theory,Efton Park 
423,K-FIX,W. C. Rivard 
424,Robert K Merton & Contemp,Robert King Merton 
425,Concepts of Space in Greek Thought,K. a. Algra 
426,"Copper Interconnects, New Contact Metallurgies/structures, and Low-k Interle",G. S. Mathad 
427,Programs and Practices in K-8 Schools,C. Kenneth McEwin 
428,My I Book,Jane Belk Moncure 
429,L,United States. Office of Civil Defense 
430,John L. Lewis,Melvyn Dubofsky 
431,Wolf,L. David Mech 
432,The Life of Toussaint L'Ouverture,John R. Beard 
433,L-tryptophan,Walter Kochen 
434,p-adic Numbers,Fernando Gouvea 
435,Rapport de L'Atelier Sur L'estimation de L'âge de la Sardine Et de la Sardin,Food and Agriculture Organization of the United Nations 
436,Jean Renart's le Lai de L'Ombre,Jean Renart 
437,L'Oraison funèbre de haut et puissant Monseigneur reverendissime l'Archevesq,Pierre Victor PALMA CAYET 
438,"Corridor 'L', US-19 Relocation, Nicholas County",no name 
439,Annuaire de la Convention Européenne Des Droits de L'homme,Council of Europe 
440,L'espion Anglois,Mathieu François Pidanzat de Mairobert 
441,Trompe(-)l'œil,Philippe Romanski 
442,"Grass Pea, Lathyrus Sativus L.",Clayton Garnet Campbell 
443,Vigilance and Performance in Automatized Systems/Vigilance et Performance de,A. Coblentz 
444,"Histoire de l'antiquité et de l'etat présent de Londres, de Westminster, et ",Giovanni Mazzinghi 
445,L of a Way 2 Pass,Diane Hall 
446,L'autonomie de l'apprenant : La perspective de l'enseignant,George Camilleri 
447,L' idea della architettura universale,Vincenzo Scamozzi 
448,Manuel de L'amateur D'estampes,François Etienne Joubert 
449,Essai sur le Doigté du Violoncelle et sur la conduite de l'Archet,Jean L. Duport 
450,1990 Census of Population and Housing Listings (CPH-L).,no name 
451,DU MILLENIUM A L'APOCALYPSE,XAVIER-JÉRÔME LE ROUX 
452,Report of the Eighth Session of the Committee for Inland Fisheries of Africa,no name 
453,Extraits clés de jurisprudence : cour européenne des Droits de l'Homme,Gilles Dutertre 
454,Les classes sociales sous l'impérialisme,Vincent Gouysse 
455,Code de Procédure Civile de L'état de la Louisiane,Louisiana 
456,L' Avenir Du Droit International de L'environnement,Renâe Jean Dupuy 
457,La situation mondiale de l'alimentation et de l'agriculture 2006. L'aide ali,no name 
458,"Droit International de L'environnement, Droit Humanitaire International, Dro",A. C. Kiss 
459,"L'Assassinat de L'Experience Par la Peinture, Monory/The Assassination Of Ex",Jean-François Lyotard 
460,"Death Note: L, Change the World",M 
461,"Droit Et Valeur Humaine, L'Autre Dans La Philosophie Du Droit, de La Grece A",Stamatios Tzitzis 
462,"De regibus sacerdotibus, sive sacerdotio cum pontificatu coniuncto, ad Iusti",Georg Sigismund GREEN 
463,L’honnêteté Radicale,Brad Blanton PhD 
464,La perfection de l'homme selon st. Thomas d'Aquin,F. Marty 
465,Dictionnaire de marine contenant les termes de la navigation et de l'archite,N. Aubin 
466,Atelier Sur la Limitation Et L'éradication Des Vertébrés Terrestres Non Indi,no name 
467,L'amnésique,Jacques SIMON 
468,The Book of M,Peng Shepherd 
469,"My ""m"" Book",Jane Belk Moncure 
470,M: The Caravaggio Enigma,Peter Robb 
471,Where I'm from,George Ella Lyon 
472,M'Liss,no name 
473,Etymological Dictionary of Egyptian,no name 
474,M Is for (Data) Monkey,Ken Puls 
475,A defence of M. de La Bruyere,Jean de La Bruyère 
476,101 Fabulous Fat-Quarter Bags With M Liss Rae Hawley,"Hawley, M Liss Rae "
477,"""When I'm Bad, I'm Better""",Marybeth Hamilton 
478,"Reconstruction of M-84, Titabawassee Road and Euclid Avenue, Bay City, Bay C",no name 
479,I'm the One That I Want,Margaret Cho 
480,I'm with the Band,Pamela Des Barres 
481,I'm Your Man,Sylvie Simmons 
482,Rev. Mr. M'Ilvaine in Answer to the Rev. Henry U. Onderdonk,Charles Pettit McIlvaine 
483,The life of M. Tullius Cicero,Conyers Middleton 
484,M,Peter Robb 
485,Historia M. Alexandri,Quintus Curtius Rufus 
486,M Programming: A Comprehensive Guide,Richard Walters 
487,Letters of the right honourable lady M--y W---y M----e: written during her t,Mary Wortley Montagu (lady.) 
488,Trial of William Burke and Helen M'Dougal,William Burke 
489,Introduction to Superstrings and M-Theory,Michio Kaku 
490,Form-Profiling of Optics Using the Geometry Measuring Machine and the M-48 C,no name 
491,I'm With the Bears,Margaret Atwood 
492,M. Fabii Quintiliani Institutionis Oratoriae Liber I,F. H. Colson 
493,Help! I'm a Mom to Be!,Rebecca Dawson 
494,Inverse M-Matrices and Ultrametric Matrices,Claude Dellacherie 
495,Analytic Elements in P-adic Analysis,Alain Escassut 
496,Roderick M. Chisholm,R. Bogdan 
497,Chronicles of M,Nicholas Forristal 
498,M'kind World,Sergio America 
499,"Cracking the SAT Biology E/M Subject Test, 2013-2014 Edition",Judene Wright 
500,"Rime di M. Pietro Bembo,",Pietro Bembo 
501,Evaluation & Management (E/M) Coding Calculator (Speedy Study Guides),Speedy Publishing 
502,"M. Corderii colloquiorum centuria selecta; or, A select century of M. Corder",Mathurin CORDIER 
503,I Am N,The Voice of the Martyrs 
504,The N,P. Fr 
505,"My ""n"" book",Jane Belk Moncure 
506,N Scale Model Railroading,Marty McGuirk 
507,Ar'n't I a Woman?,Deborah Gray White 
508,"Automorphic Forms and L-Functions for the Group GL(n,R)",Dorian Goldfeld 
509,"N-47 Gothenburg Viaduct (proposed), Dawson County",no name 
510,P,Andrew Lewis Conn 
511,Vitamin N,Richard Louv 
512,The N Word,Jabari Asim 
513,N Scale Model Railroad That Grows,Kent Wood 
514,The History of the N'ko Alphabet and Its Role in Mande Transnational Identit,Dianne White Oyler 
515,Heterocyclic N-oxides,Angelo Albini 
516,Bioreboot: The Architecture of R&sie{n},Giovanni Corbellini 
517,Conversations with N. Scott Momaday,N. Scott Momaday 
518,"Nebraska Highway 35 (N-35) Corridor, Norfolk, Nebraska to South Sioux City, ",no name 
519,N Scale Railroading,Martin McGuirk 
520,The Cambridge N-Body Lectures,Sverre Aarseth 
521,The Art of R Programming,Norman Matloff 
522,This 'n That,Bette Davis 
523,"1967 Census of Business: pt. 3. N. Dak.-Wyo. Guam, V.I",no name 
524,The N-Vortex Problem,Paul K. Newton 
525,n-Linear Algebra of Type 1 and Its Applications,W. B. Vasantha Kandasamy 
526,The Impact of Very High S/N Spectroscopy on Stellar Physics,International Astronomical Union. Symposium 
527,Theory of Multicodimensional (n+1)-Webs,Vladislav V. Goldberg 
528,The Basis Problem for Modular Forms on [Gamma]o(N),Hiroaki Hijikata 
529,"Nō ; And, Bunraku",Donald Keene 
530,Get Started in N Scale,Kalmbach Publishing Company 
531,PAIN ' n ' MEMORY,J . R . M o n e n 
532,Tha Wreck'n Crew,Low Life 
533,The Rock 'n' Roll Classroom,Rich Allen 
534,"Early Medieval Ireland, 400-1200",Daibhi O Croinin 
535,Introducing Monte Carlo Methods with R,Christian Robert 
536,N-Heterocyclic Carbenes in Transition Metal Catalysis and Organocatalysis,Catherine S.J. Cazin 
537,n-Linear Algebra of Type II,W. B. Vasantha Kandasamy 
538,Introduction to Hamiltonian Dynamical Systems and the N-Body Problem,Kenneth R. Meyer 
539,Chemistry of N-Thiosulfinylamines,Yoshio Inagaki 
540,"Commensurabilities Among Lattices in PU (1,n)",Pierre Deligne 
541,The Classification of Countable Homogeneous Directed Graphs and Countable Ho,Gregory L. Cherlin 
542,Complex Numbers in n Dimensions,S. Olariu 
543,Jungle/Drum 'n' Bass for the Acoustic Drum Set,Johnny Rabb 
544,"Blood Type O Food, Beverage and Supplemental Lists",Peter J. D'Adamo 
545,S/Z,Roland Barthes 
546,N-Algebraic Structures,W. B. Vasantha Kandasamy 
547,On the Convergence of [summation Symbol]c[subscript K]f(n[subscript K]x),Istvan Berkes 
548,Book-o-beards,Donald B. Lemke 
549,Tim O'Brien,Patrick A. Smith 
550,Flannery O'Connor,Sarah Gordon 
551,Longman Effective Guide to O Level Physics,Poh Liong Yong 
552,The Collected Poems of Frank O'Hara,Frank O'Hara 
553,A Frank O'Connor Reader,Frank O'Connor 
554,O'Keeffe,Britta Benke 
555,The Critical Response to Flannery O'Connor,Douglas Robillard 
556,Nature and Grace in Flannery O'Connor's Fiction,Lorine M. Getz 
557,Nga Iwi O Tainui,Pei Te Hurinui Jones 
558,Halfmen Of O,Maurice Gee 
559,Roseburg District Area Resource(s) Management Plan (RMP),no name 
560,O,Omari Grandberry 
561,Eugene O'Neill,Harold Bloom 
562,Flannery O'Connor in the Age of Terrorism,Avis Hewitt 
563,O. Henry,O. Henry 
564,Gimme an O!,Kayla Perrin 
565,The Cambridge Companion to Eugene O'Neill,Michael Manheim 
566,"Best of O. Henry, The: Literary Touchstone Classic",O. Henry 
567,Justice Sandra Day O'Connor,Nancy Maveety 
568,The Story of Rose O'Neill,Rose Cecil O'Neill 
569,New Horizons in pro-p Groups,Marcus du Sautoy 
570,Eugene O'Neill's America: Desire Under Democracy (Large Print 16pt),John Patrick Diggins 
571,Revising Flannery O'Connor,Katherine Hemple Prown 
572,Understanding O Pioneers! and My Antonia,Sheryl L. Meyering 
573,Longman Effective Guide to O Level Chemistry,Eng Wah Lim 
574,Your First O Gauge Layout,Mike Ashey 
575,John L. O'Sullivan and His Times,Robert Sampson 
576,The Unknown O'Neill,Eugene O'Neill 
577,The O’Hara Concern,Matthew J. Bruccoli 
578,Beginning with O,Olga Broumas 
579,Sean O'Faolain's Irish Vision,Richard Bonaccorso 
580,Georgia O'Keeffe,Charles C. Eldredge 
581,Conversations with Eugene O'Neill,Eugene O'Neill 
582,P.,no name 
583,A & P,Avis H. Anderson 
584,Tau-p: a plane wave approach to the analysis of seismic data,Paul Stoffa 
585,A Course in p-adic Analysis,Alain Robert 
586,P-adic Analysis and Mathematical Physics,Vasili? Sergeevich Vladimirov 
587,Lectures on P-adic L-functions,Kenkichi Iwasawa 
588,p-adic Functional Analysis,W.H. Schikhof 
589,"The Plum in the Golden Vase Or, Chin P'Ing Mei",David Tod Roy 
590,Period Domains over Finite and p-adic Fields,Jean-François Dat 
591,P-51 Mustang,Gardner N. Hatch 
592,P-adic Deterministic and Random Dynamics,Andrei Y. Khrennikov 
593,P & T Group,no name 
594,Inorganic Rings and Polymers of the P-block Elements,Tristram Chivers 
595,An Introduction to Classical and P-adic Theory of Linear Operators and Appli,Toka Diagana 
596,p-Adic Automorphic Forms on Shimura Varieties,Haruzo Hida 
597,Geometry and Representation Theory of Real and p-adic groups,Juan Tirao 
598,p-Adic Lie Groups,Peter Schneider 
599,Selected Papers of Alberto P. Calderón with Commentary,Alberto P. Calderón 
600,"P, NP, and NP-Completeness",Oded Goldreich 
601,"Savannah River Plant, Aiken, Continued Operation of K-, L- and P-reactors",no name 
602,P-adic L-functions and P-adic Representations,Bernadette Perrin-Riou 
603,P/herversions,Jill Robbins 
604,Ribonuclease P,Fenyong Liu 
605,Towards a Modulo P Langlands Correspondence for GL2,Christophe Breuil 
606,"Taxatio Ecclesiastica Angliae Et Walliae Auctoritate P. Nicholai IV, Circa A",Great Britain. Record Commission 
607,Syntax and Semantics of Spatial P,Anna Asbury 
608,p-Adic Valued Distributions in Mathematical Physics,Andrei Y. Khrennikov 
609,Korean Musical Drama: P'ansori and the Making of Tradition in Modernity,Dr Haekyung Um 
610,P-Automorphisms of Finite P-Groups,Evgenii I. Khukhro 
611,Short- and Long-term P-dynamics of Various P-fractions in the Field and in t,Kyi Myint 
612,Cicero: Pro P. Sulla Oratio,Marcus Tullius Cicero 
613,The Value(s) of Literature,James S. Hans 
614,3-Manifold Groups Are Virtually Residually p,Matthias Aschenbrenner 
615,Q,Luther Blissett 
616,"""Q""",Katharine Newlin Burt 
617,Corvette Tech Q and A,Dave Emanuel 
618,Intellectual Property Law Q and A,Alan Murdie 
619,The Formation of Q,John S. Kloppenborg 
620,Employment Law Q and A,Deborah Lockton 
621,Q Is for Quarry,Sue Grafton 
622,Q. Horati Flacci Opera,Horace 
623,U.S. Immigration and Citizenship Q & A,Debbie M. Schell 
624,"Jesus, Mark and Q",Andreas Schmidt 
625,"The Q, T-Catalan Numbers and the Space of Diagonal Harmonics",James Haglund 
626,The Q Book,J Morgan 
627,Blueprints Q and As for Step 2,Michael S. Clement 
628,The Letter Q,Sarah Moon 
629,The Chronicles of Don Q.,Kate Prichard 
630,Q's Q,Mac Wellman 
631,The Historical Jesus and the Final Judgment Sayings in Q,Brian Han Gregg 
632,Q Or Not Q?,Bartosz Adamczewski 
633,Q & A,Ines Reeve 
634,Media Q,Kevin G. Barnhurst 
635,Q & A Revision Guide Evidence 2013 and 2014,Maureen Spencer 
636,Q Fever,Thomas J. Marrie 
637,She-Q,Michele Takei 
638,Baptist Traditions and Q,Clare K. Rothschild 
639,A Full View of the Public Transactions in the Reign of Q. Elizabeth,Patrick Forbes 
640,Medical-Surgical Q and A,Beth Grace 
641,Q & A a Day,Potter Style 
642,Statistical Analysis of Financial Data in S-Plus,René Carmona 
643,The Third Q,Robert Luxenberg 
644,Q Methodology,Bruce McKeown 
645,From C-numbers to Q-numbers,Olivier Darrigol 
646,The Sayings Gospel Q in Greek and English,James McConkey Robinson 
647,Gospel Interpretation and the Q-Hypothesis,Mogens Müller 
648,Excavating Q,John S. Kloppenborg 
649,"Q of the Earth: Global, Regional, and Laboratory Studies",Barbara Romanowicz 
650,The Case Against Q,Mark Goodacre 
651,J. V. D.'s Speaking French Grammar ... Fifth edition ... enlarged,I. V. DOUVILLE 
652,S Poetry,Patrick Burns 
653,J.V. Douville 's Speaking French Grammar,J. V. Douville 
654,AH-1G/S and TH-1G Helicopter,no name 
655,The R Book,Michael J. Crawley 
656,R for Data Science,Hadley Wickham 
657,Advanced R,Hadley Wickham 
658,Introductory Statistics with R,Peter Dalgaard 
659,Applied Econometrics with R,Christian Kleiber 
660,bookdown,Yihui Xie 
661,R Packages,Hadley Wickham 
662,The Book of R,Tilman M. Davies 
663,Beginning R,Mark Gardener 
664,Text Mining with R,Julia Silge 
665,Ecological Models and Data in R,Benjamin M. Bolker 
666,Modern Data Science with R,Benjamin S. Baumer 
667,"If You Can't be Free, be a Mystery",Farah Jasmine Griffin 
668,The Ultimate T-shirt Book,Deborah Morgenthal 
669,Extending the Linear Model with R,Julian J. Faraway 
670,Text Analysis with R for Students of Literature,Matthew Jockers 
671,SAS and R,Ken Kleinman 
672,Solving Differential Equations in R,Karline Soetaert 
673,Correspondence Analysis and Data Coding with Java and R,Fionn Murtagh 
674,Efficient R Programming,Colin Gillespie 
675,Data Manipulation with R,Phil Spector 
676,Bayesian Computation with R,Jim Albert 
677,Mixed Effects Models and Extensions in Ecology with R,Alain Zuur 
678,"Linear Models with R, Second Edition",Julian J. Faraway 
679,R for Medicine and Biology,Paul D. Lewis 
680,T-shirt Makeovers,Sistahs of Harlem 
681,Introductory Time Series with R,Paul S.P. Cowpertwait 
682,A First Guide to Statistical Computations in R,Torben Martinussen 
683,Statistical Analysis with R For Dummies,Joseph Schmuller 
684,The R Student Companion,Brian Dennis 
685,Parallel R,Q. Ethan McCallum 
686,Time Series Analysis,Jonathan D. Cryer 
687,The R Inferno,Patrick Burns 
688,The Story of S.,Annalisse Mayer 
689,Generalized Additive Models,Simon N. Wood 
690,Wavelet Methods in Statistics with R,Guy Nason 
691,Analysis of Phylogenetics and Evolution with R,Emmanuel Paradis 
692,Software for Data Analysis,John Chambers 
693,Fracture Toughness Evaluation by R-curve Methods,no name 
694,Design and Analysis of Experiments with R,John Lawson 
695,Data Mashups in R,Jeremy Leipzig 
696,R for Business Analytics,A Ohri 
697,S.,J. J. Abrams 
698,"S Corporation Answer Book, Seventh Edition",Sydney S. Traum 
699,"Living M/S; A Book for Masters, Slaves, and Their Relationships",Dan And Dawn Williams 
700,Directorate S,Steve Coll 
701,S Corporation Taxation 2009,Robert W. Jamison 
702,The Basics of S-PLUS,Andreas Krause 
703,Practical Guide to S Corporations,Michael Schlesinger 
704,Northeast Resource Plan Resource(s) Management Plan (RMP),no name 
705,"Select Treatises of S. Athanasius, in Controversy with the Arians",Saint Athanasius (Patriarch of Alexandria) 
706,An Introduction to Programming with S-algol,A. J. Cole 
707,The S-hemoglobinopathies,National Research Council (U.S.). Ad Hoc Committee on S-hemoglobinopathies 
708,Glutathione S-Transferases,Gerard J. Mulder 
709,S Programming,William Venables 
710,"Writings of Charles S. Peirce: A Chronological Edition, Volume 8",Charles S. Peirce 
711,"Bighorn National Forest (N.F.), Land and Resource(s) Management Plan (LRMP)",no name 
712,"Speculum peccatorum aspirantium ad ... emendationem, siue, Admiranda S. Augu",Joannes MANTELIUS 
713,General Ulysses S. Grant,Edward Longacre 
714,"San Bernardino National Forest (N.F.), Land and Resource(s) Management Plan ",no name 
715,Válka s Mloky,Karel Čapek 
716,Federal Taxation of S Corporations,Deborah H. Schenk 
717,Ulysses S. Grant,William S. McFeely 
718,S. Louis of Toulouse and the Process of Canonisation in the Fourteenth Centu,Margaret Toynbee 
719,A Voyage Towards the North Pole Undertaken by His. Maj.'s Command 1773,Constantine John Phipps Baron Phipps 
720,An R and S-Plus Companion to Applied Regression,John Fox 
721,S+SpatialStats,S. P. Kaluzny 
722,Modern Applied Statistics with S,W.N. Venables 
723,"Tongass National Forest (N.F.), Kosciusko Island Timber Sale(s)",no name 
724,Single-Laser Multi-Terabit/s Systems,"Hillerkuss, David "
725,"Academic Foundation`S Bulletin On Money, Banking And Finance Volume -79 Anal",Editor : Sona Kapila 
726,Attitudes Aren't Free,James E. Parco 
727,Fail Until You Don't,Bobby Bones 
728,"Booker T. Washington, W.E.B. Du Bois, and the Struggle for Racial Uplift",Jacqueline M. Moore 
729,SQL Server 2005 T-SQL Recipes,Joseph Sack 
730,Multivariate T-Distributions and Their Applications,Samuel Kotz 
731,Gamma-delta T Cells,Paul R. Bergstresser 
732,"T Cell Regulation in Allergy, Asthma and Atopic Skin Diseases",Kurt Blaser 
733,Nitrate Won't Wait,Anthony Slide 
734,T Cell Protocols,Kelly P. Kearse 
735,Memory T Cells,Maurizio Zanetti 
736,"CD4+CD25+ Regulatory T Cells: Origin, Function and Therapeutic Potential",B. Kyewski 
737,"Don't Ask, Don't Tell",Aaron Belkin 
738,T Cells in Arthritis,P. Miossec 
739,"Super ""T""",Greg Ptacek 
740,"Hush, Child! Can't You Hear the Music?",Charles Beaumont 
741,Kazhdan's Property (T),Bachir Bekka 
742,"DIY T-Shirt Crafts: From Braided Bracelets to Floor Pillows, 50 ...",no name 
743,Why Zebras Don't Get Ulcers,Robert M. Sapolsky 
744,Booker T. Washington in Perspective,Raymond W. Smock 
745,T'ai Chi According to the I Ching,Stuart Alve Olson 
746,Analyzing T Cell Responses,Dirk Nagorsen 
747,Twelve Reasons Christians Don't Grow...Even in Good Churches!,Tony A. D. Green 
748,Why Men Won't Commit,George Weinberg 
749,Regulatory T Cells and Clinical Application,Shuiping Jiang 
750,We Don't Play with Guns Here,Penny Holland 
751,"1,001 Things They Won't Tell You",Jonathan Dahl 
752,Mishkan T'filah,Central Conference of American Rabbis/CCAR Press 
753,The Racial Politics of Booker T. Washington,Donald Cunnigen 
754,"Hey, You In The Black T-Shirt",Michael Chugg 
755,Regulatory T Cells in Inflammation,Leonie S. Taams 
756,It's Hard to Make a Difference When You Can't Find Your Keys,Marilyn Byfield Paul 
757,Holy Sh*t,Melissa Mohr 
758,One Monkey Don't Stop No Show,Don Evans 
759,When You Can't Find Your UNIX System Administrator,Linda Mui 
760,You Don't Know Me,David Klass 
761,U and I,Nicholson Baker 
762,Theory U,C. Otto Scharmer 
763,U-Statistics,Lee 
764,"My ""u"" Book",Jane Belk Moncure 
765,"Disney U: How Disney University Develops the World's Most Engaged, Loyal, an",Doug Lipp 
766,A + U,no name 
767,Multimeter TS-297/U.,no name 
768,Modern Applied U-Statistics,Jeanne Kowalski 
769,Job U,Nicholas Wyman 
770,Crazy U,Andrew Ferguson 
771,Wannabe U,Gaye Tuchman 
772,Debt-Free U,Zac Bissonnette 
773,Rat u Bosni,Suvad Hotic 
774,The Defeat of the German U-boats,David Syrett 
775,DIY U,Anya Kamenetz 
776,U-Boats Against Canada,Michael L. Hadley 
777,Why is Q Always Followed by U?,Michael Quinion 
778,Joe V. the Fairies,Emily Smith 
779,"Dynamics, Control, and Flying Qualities of V/STOL Aircraft",James A. Franklin 
780,Be U,Mary Mary 
781,Do U.,Mark S. Luckie 
782,The Story of Baha'u'llah,Druzelle Cederquist 
783,What Is Life? A Guide to Biology W/Prep-U,Jay Phelan 
784,Fundamentalist U,Adam Laats 
785,U-boat Hunters,Robert M. Grant 
786,"U- and E-Service, Science and Technology",Dominik Slezak 
787,Greater U Street,Paul Kelsey Williams 
788,"John W. Schaum Popular Piano Pieces, B: The Blue Book",John W. Schaum 
789,DZIAŁALNOŚĆ AKOWCÓW W GRODZIEŃSKIM PRZEWAŁKA Wspomnienia z nieludzkiej ziemi,Jan ŁOPACIŃSKI 
790,"The CIA and the U-2 Program, 1954-1974",Gregory W. Pedlow 
791,Sew U,Wendy Mullin 
792,Hitler's U-Boat War,Clay Blair 
793,The U-Boat War,Edwyn A Gray 
794,Hitler's U-boat Fortresses,Randolph Bradham 
795,Promene u organizaciji i menadžmentu,no name 
796,German U-Boat Losses During World War II,Alex Niestle 
797,The U-Boat War in the Atlantic,Bob Carruthers 
798,Type VII U-Boats,Roger Chesneau 
799,The U Book,Nathan Preston Pierce 
800,U - 19,"Fred D Haruda, M.D. "
801,Wang Kuo-wei's Jen-chien Tz'u-hua,A.A. Rickett 
802,Love U With All My Heart!,Robin Stolz 
803,Baha'u'llah,Moojan Momen 
804,Novo Vino u Nove Mješine,Ordo Fratrum Minorum - Roma 
805,The V Book,"Elizabeth G. Stewart, M.D. "
806,Gibson Flying V,Zachary R. Fjestad 
807,V was for Victory,John Morton Blum 
808,Science and Skiing V,Erich Müller 
809,Handbook of Practical X-Ray Fluorescence Analysis,Burkhard Beckhoff 
810,V: The Second Generation,Kenneth Johnson 
811,V: The Original Miniseries,Kenneth Johnson 
812,Politics,Aristotle 
813,V.,Thomas Pynchon 
814,The Digressions of V.,Elihu Vedder 
815,Nayaks of Tanjore,V. Vriddhagirisan 
816,Cellular and Mobile Communications,V.Jeyasri Arokiamary 
817,The Story of V,Catherine Blackledge 
818,V is for Victory,Sylvia Whitman 
819,Biographical Dictionary of Chinese Women: v. 2: Twentieth Century,Lily Xiao Hong Lee 
820,Henry V,James N. Loehlin 
821,Giving Up the V,Serena Robar 
822,X-Ray Multiple-Wave Diffraction,Shih-Lin Chang 
823,The Medieval Chronicle V,Erik Kooper 
824,The V & A,Victoria and Albert Musuem 
825,Brown V. Board of Education at Fifty,Clarke Rountree 
826,Topics in Growth and Device Processing of III-V Semiconductors,S. J. Pearton 
827,"How to Rebuild Big-Block Chevy Engines, 1991-2000 Gen V & Gen VIHP1550",Mike Mavrigian 
828,Engel V. Vitale,Shane Mountjoy 
829,Screening Shakespeare from Richard II to Henry V,Ace G. Pilkington 
830,"Vivæ omnium ferè Imperatorum imagines, à C. J. Cæsare usque ad Carolum v. et",Hubert GOLTZ 
831,King Henry V.,William Shakespeare 
832,The Legend of V: Book 1: The Solar System's Prophecies,Varak Kaloustian 
833,Time Modalities,V. Polaraju 
834,Bush V. Gore,Bruce A. Ackerman 
835,V for Victor,Mark Childress 
836,Malcolm X Speaks,Malcolm X 
837,Chaucer.- Surrey.- Wyat.- Sackville.- v. 2. Spenser.- Shakespeare.- Davies.-,Robert Anderson 
838,Indo-Scythian Studies: Being Khotanese Texts Volume V:,Bailey 
839,The Qatar V. Bahrain Maritime Delimitation and Territorial Questions Case,Barbara Kwiatkowska 
840,Fundamentals of III-V Semiconductor MOSFETs,Serge Oktyabrsky 
841,"King Henry V. King Henry VI, part I-III",William Shakespeare 
842,W Or the Memory of Childhood,Georges Perec 
843,Gurley Manual of Surveying Instruments ...,"Gurley, W. & L. E., Troy, N.Y. "
844,Cubs World Series Commemorative Hardcover Gift Edition,Daily Herald 
845,Story of the W and Z,Peter Watkins 
846,"My ""w"" book",Jane Belk Moncure 
847,William Golding's Lord of the Flies,W. Meitcke 
848,Principles and Interpretation of Chest X-rays,P. A. Mahesh 
849,Bill W. and Mr. Wilson,Matthew J. Raphael 
850,W Stands for Women,Michaele L. Ferguson 
851,The George W. Bush Presidency,Fred I. Greenstein 
852,McLuhan: A Guide for the Perplexed,W. Terrence Gordon 
853,The Presidency of George W. Bush,Julian E. Zelizer 
854,CARE-W,Sveinung Saegrov 
855,The Universe in X-Rays,Joachim E. Trümper 
856,Syndrome W,Harriette D. P. H. R. Mogul 
857,W-Symmetry,P Bouwknegt 
858,"Messrs W. & Co.'s Overland guide to India, by three routes to Egypt",Thomas Fletcher WAGHORN 
859,The Way of Spider,W. Michael Gear 
860,"Sublette County Negotiated Land Sale W-72270 to White Acorn Ranch, Big Sandy",no name 
861,President George W. Bush,Beatrice Gormley 
862,"Defence of Rev. Charles W. Denison, from the Slanders of the Boston Baptist ",Charles Wheeler Denison 
863,C*-Algebras and W*-Algebras,Shoichiro Sakai 
864,"Willard W. Waller on the Family, Education, and War",Willard Waller 
865,Wake up to Your (W)Hole Life,Alaya Chadwick 
866,Legacy of the Blues: a Century of Athletics at the W,Garrett 
867,Auplny literaturnj létopis čili Obraz slowesnosti Slowanůw nářečj českého w ,Josef Václav Justin MICHL 
868,Everyman's McLuhan,W. Terrence Gordon 
869,"Kancionál čili zbjrka cjrkewnjch i domácjch, po celý rok naskrz takměř w kaž",Josef Mírumil POHOŘELÝ 
870,George W. Bush,James Mann 
871,O literaturze Polskiey w wieku dziewiętnastym,Maurycy MOCHNACKI 
872,Ziemiaństwo polskie. Poema w cztérech pieśniach wydania E. Raczyńskiego,Kajetan KOŹMIAN 
873,Listy Polskie pisane w roku 1785. Wydane przez J. Wit ... Wydane przez J. Wi,Jan WIT ... 
874,Bill W.,Francis Hartigan 
875,"A General Commercial Dictionary ... Second edition, with ... alterations and",Thomas MORTIMER (Vice-Consul for the Austrian Netherlands.) 
876,John W. Garrett and the Baltimore and Ohio Railroad,Kathleen Waters Sander 
877,Agabit Muza Morawská w patero Oddêlenjch ... Složená od J. H. Ǧalasse ... ro,Jozef Heřman ǦALASS 
878,Sláwa Bohyně a půwod gména Slawůw čili Slawjanůw w listech k ... P. I. Šafař,Jan Kollar 
879,"A Letter from Thomas Lord Lyttelton to W. Pitt, Earl of Chatham, on the Queb",Thomas LYTTELTON (Baron Lyttelton.) 
880,"Begin. En el pleyto de Subsidio, entre el Rector y Colegio de la Compañia de",Benito de CASTRO 
881,Joining of Materials and Structures,Robert W. Messler 
882,X,Ilyasah Shabazz 
883,The Joy of x,Steven Strogatz 
884,Chuck Klosterman X,Chuck Klosterman 
885,Fragile X Syndrome,Randi Jenssen Hagerman 
886,X-Ray Diffraction,C. Suryanarayana 
887,X-ray Diffraction,Bertram Eugene Warren 
888,Structure Determination by X-ray Crystallography,Mark F.C. Ladd 
889,"Amser, a Diwedd Amser; yn ddau draethawd: y cyntaf ynghylch Prynnu'r amser: ",John FOX (Minister of the Gospel.) 
890,Principles of Protein X-ray Crystallography,Jan Drenth 
891,Mac OS X for Unix Geeks (Leopard),Ernest E. Rothman 
892,Structural Shielding Design for Medical X-ray Imaging Facilities,National Council on Radiation Protection and Measurements 
893,X-Books: Tornadoes,Bill McAuliffe 
894,General X-Efficiency Theory and Economic Development,Harvey Leibenstein 
895,Design for X,Charles M. Eastman 
896,A Rhetoric of Symbolic Identity,Gerald A. Powell (Jr.) 
897,Love and Rockets X,Gilbert Hernandez 
898,PCI and PCI-X Hardware and Software,Edward Solari 
899,Theory of X-Ray Diffraction in Crystals,William H. Zachariasen 
900,The Cambridge Companion to Malcolm X,Robert E. Terrill 
901,X-ray Binaries,Walter H. G. Lewin 
902,Syndrome X,Terry Kirsten Strom 
903,X-Stacy,Margery Forde 
904,Idealization X,Izabella Nowakowa 
905,Generation X,Douglas Coupland 
906,Teaching Malcolm X,Theresa Perry 
907,X-Books: Snakes,Melissa Gish 
908,"Handbook of X-Ray Spectrometry, Second Edition,",Rene Van Grieken 
909,"Scanning Electron Microscopy, X-Ray Microanalysis, and Analytical Electron M",Charles E. Lyman 
910,X Internet,Jessica Keyes 
911,Portable X-ray Fluorescence Spectrometry,P. J. Potts 
912,Enlightenment Now, 
913,Ruby, 
914,X-Ray Fluorescence Spectrometry (XRF) in Geoarchaeology,M. Steven Shackley 
915,Mastering Mac OS X,Todd Stauffer 
916,Advanced X-ray Techniques in Research and Industry,Dr. A. K. Singh 
917,The X in Sex,David Bainbridge 
918,X-rays for Archaeology,M. Uda 
919,Y is for Yesterday,Sue Grafton 
920,Y,no name 
921,Understanding Y,Charlie Caruso 
922,Platero Y Yo,Juan Ramón Jiménez 
923,Making Sense of Generation Y,Sara B. Savage 
924,"Golwg ar y Cyfammod gras, o'r Ysgrythyrau Santaidd ... Wedi ei gyfieithu ...",Thomas BOSTON (the Elder.) 
925,"Brujas, Lechuzas Y Espantos",Alonso Marroquín Perales 
926,"Parecer en derecho ... Sobre si es licito á los Reyes y Principes Soberanos,",Gerónimo de CEVALLOS 
927,"Y Gowrain gelfyddyd o japannio, neu rodd meistr iw brentis ... Wedi ei osod ",Lewis Morris 
928,Y Camiedydd Cymreig. The Cambrian Minstrel; being a Collection of the Melodi,John Thomas 
929,Exposicion parafrastica del Psalterio y de los Canticos del Breuiario ... Po,no name 
930,"Pasc y Christion, neu Wledd yr Efengyl; wedi ei chyhoeddi mewn traethawd yng",Thomas DOOLITTLE 
931,A Pragmatist Philosophy of Life in Ortega Y Gasset,John Thomas Graham 
932,Libros Y Bibliotecas en la España Medieval,Charles Faulhaber 
933,The Social Thought of Ortega Y Gasset,John T. Graham 
934,El Secreto de Tener Bebes Tranquilos Y Felices,Tracy Hogg 
935,Tourism and Generation Y,Pierre Benckendorff 
936,"EL DONANTE DE ORGANOS Y TEJIDO, S",A. LOPEZ-NAVIDAD 
937,The End of Mr. Y,Scarlett Thomas 
938,Apertura Económica Y Empleo,no name 
939,"Género, lenguaje y traducción",José Santaemilia 
940,Armonia Y Materia,Federico Reyk 
941,Amor Sexo Y Relaciones Duraderas,Chip Ingram 
942,Artesanos Y Obreros Costarricenses,no name 
943,Suma y narración de los incas,Juan de Betánzos 
944,El Nt Su Transfondo Y Su Mensaje F,Baptist Spanish Publishing House 
945,Esponiad Ymarferol ar Salm y CXXX ... Gan John Owen ... Wedi ei gyfieithu ..,no name 
946,El Hambre Y Los Mercados,Programa Mundial De Alimentos 
947,Desengano Y Reparo de la Guerra Del Reino de Chile,no name 
948,Arferion a defodau priodas. Yn mhlith amryw genedloedd y ddaear. Wedi eu gyf,ARFERION. 
949,"Y bardd, neu y Meudwy Cymreig",William Ellis JONES (called Gwilym Cawrdaf.) 
950,"Potencialidades Y Limitantes de Algunos Suelos en San Miguel La Palotada, Pe",no name 
951,Golwg ar Bren y Bywyd; neu nodiadau ar Grist yn ei gymmeriadau yn Esa. IX. 6,John JONES (of Llandyssil.) 
952,"Imagen y Palabra: En Torno a ""El Cristo de Velazquez"" de Unamuno",Eliezer Oyola 
953,"Cooperativas, Sociedades Laborales y Trabajo Autónomo",Varios autores 
954,"Geirlyfr ysgrythyrol, yn cynwys eglurhad ar darddiad ac ystyr y geiriau a dd",John MILLS (called Ieuan Glân Alarch.) 
955,Miami y Mis Mil Muertes,Carlos Eire 
956,The Lost City of Z,David Grann 
957,Z: A Novel of Zelda Fitzgerald,Therese Anne Fowler 
958,Decoded,Jay-Z 
959,A B to Jay-Z,Jessica Chiha 
960,Z for Zachariah,Robert C. O'Brien 
961,Jay-Z and the Roc-A-Fella Records Dynasty,Jake Brown 
962,Empire State of Mind,Zack O'Malley Greenburg 
963,The Way of Z,Jonathan Jacky 
964,"The Real Z (American Girl: Z Yang, Book 1)",Jen Calonita 
965,Applied Laplace Transforms and Z-Transforms for Scientists and Engineers,Urs Graf 
966,Cuban Music from A to Z,Helio Orovio 
967,Z,Vassilis Vassilikos 
968,Health Literacy From A to Z,Helen Osborne 
969,Cattitudes,Elizabeth King Brownd 
970,An A to Z of Places and Things Saudi,Kathy Cuddihy 
971,Thinking from A to Z,Nigel Warburton 
972,Jay-Z (the Library of Hip-Hop Biographies) (Large Print 16pt),Bridget Heos 
973,DNA from A to Z,Daniel H. Farkas 
974,Songs in the Key of Z,Irwin Chusid 
975,Bugs A to Z,Kimberly Bayley 
976,Z'miroth Ut'filoth Yisroel,no name 
977,"A to Z of Sports Cars, 1945-1990",Mike Lawrence 
978,The A to Z of Malaysia,Keat Gin Ooi 
979,"Learning Theories, A to Z",David C. Leonard 
980,The Truth about Babies,Ian Sansom 
981,Phonics from A to Z,Wiley Blevins 
982,The A to Z of the Druzes,Samy S. Swayd 
983,The A to Z of the Cold War,Joseph Smith 
984,Algebra from A to Z,Adolph Winkler Goodman 
985,Oracle on IBM Z,Susan Adamovich 
986,Food in the Ancient World from A to Z,Andrew Dalby 
987,Mergers & Acquisitions from A to Z,Andrew J. Sherman 
988,Jay-Z,Julius Bailey 
989,The A to Z of Vietnam,Bruce McFarland Lockhart 
990,Norse Mythology A to Z,"Facts On File, Incorporated "
991,Movement Activities A to Z,Holly Burns 
992,Z.,Kenward Elmslie 
993,Animal Ingredients A to Z,E.G. Smith Collective 
994,Seeing Past Z,Beth Kephart 
